id,game_id,year,month,day,home_team,away_team,home_score,away_score,tier
0,0021701214,2018,4,10,ATL,PHI,113,121,0
1,0021701202,2018,4,8,BOS,ATL,106,112,0
2,0021701184,2018,4,6,WAS,ATL,97,103,0
3,0021701172,2018,4,4,ATL,MIA,86,115,0
4,0021701158,2018,4,3,MIA,ATL,101,98,0
5,0021701147,2018,4,1,ATL,ORL,94,88,0
6,0021701130,2018,3,30,ATL,PHI,91,101,0
7,0021701120,2018,3,28,MIN,ATL,126,114,0
8,0021701101,2018,3,25,HOU,ATL,118,99,0
9,0021701087,2018,3,23,GSW,ATL,106,94,0
10,0021701077,2018,3,22,SAC,ATL,105,90,0
11,0021701062,2018,3,20,UTA,ATL,94,99,0
12,0021701041,2018,3,17,MIL,ATL,122,117,0
13,0021701021,2018,3,15,ATL,CHA,117,129,0
14,0021701007,2018,3,13,ATL,OKC,107,119,0
15,0021700993,2018,3,11,ATL,CHI,122,129,0
16,0021700978,2018,3,9,IND,ATL,112,87,0
17,0021700958,2018,3,6,TOR,ATL,106,90,0
18,0021700943,2018,3,4,ATL,PHX,113,112,0
19,0021700928,2018,3,2,ATL,GSW,109,114,0
20,0021700915,2018,2,28,ATL,IND,107,102,0
21,0021700897,2018,2,26,ATL,LAL,104,123,0
22,0021700874,2018,2,23,IND,ATL,116,93,0
23,0021700853,2018,2,14,DET,ATL,104,98,0
24,0021700848,2018,2,13,MIL,ATL,97,92,0
25,0021700834,2018,2,11,ATL,DET,118,115,0
26,0021700819,2018,2,9,ATL,CLE,107,123,0
27,0021700811,2018,2,8,ORL,ATL,100,98,0
28,0021700799,2018,2,6,ATL,MEM,108,82,0
29,0021700786,2018,2,4,NYK,ATL,96,99,0
30,0021700767,2018,2,2,BOS,ATL,119,110,0
31,0021700755,2018,1,31,ATL,CHA,110,123,0
32,0021700739,2018,1,29,ATL,MIN,105,100,0
33,0021700726,2018,1,27,ATL,WAS,104,129,0
34,0021700714,2018,1,26,CHA,ATL,121,110,0
35,0021700705,2018,1,24,ATL,TOR,93,108,0
36,0021700688,2018,1,22,ATL,UTA,104,90,0
37,0021700675,2018,1,20,ATL,CHI,97,113,0
38,0021700654,2018,1,17,ATL,NOP,94,93,0
39,0021700641,2018,1,15,ATL,SAS,102,99,0
40,0021700621,2018,1,12,ATL,BKN,105,110,0
41,0021700612,2018,1,10,DEN,ATL,97,110,0
42,0021700598,2018,1,8,LAC,ATL,108,107,0
43,0021700590,2018,1,7,LAL,ATL,132,113,0
44,0021700576,2018,1,5,POR,ATL,110,89,0
45,0021700551,2018,1,2,PHX,ATL,104,103,0
46,0021700533,2017,12,30,ATL,POR,104,89,0
47,0021700522,2017,12,29,TOR,ATL,111,98,0
48,0021700508,2017,12,27,ATL,WAS,113,99,0
49,0021700484,2017,12,23,ATL,DAL,112,107,0
50,0021700477,2017,12,22,OKC,ATL,120,117,0
51,0021700455,2017,12,20,ATL,IND,95,105,0
52,0021700443,2017,12,18,ATL,MIA,110,104,0
53,0021700425,2017,12,15,MEM,ATL,96,94,0
54,0021700413,2017,12,14,ATL,DET,91,105,0
55,0021700397,2017,12,12,CLE,ATL,123,114,0
56,0021700390,2017,12,10,NYK,ATL,111,107,0
57,0021700378,2017,12,9,ATL,ORL,117,110,0
58,0021700355,2017,12,6,ORL,ATL,110,106,0
59,0021700342,2017,12,4,ATL,BKN,90,110,0
60,0021700328,2017,12,2,BKN,ATL,102,114,0
61,0021700313,2017,11,30,ATL,CLE,114,121,0
62,0021700280,2017,11,25,ATL,TOR,78,112,0
63,0021700268,2017,11,24,ATL,NYK,116,104,0
64,0021700256,2017,11,22,ATL,LAC,103,116,0
65,0021700250,2017,11,20,SAS,ATL,96,85,0
66,0021700230,2017,11,18,ATL,BOS,99,110,0
67,0021700204,2017,11,15,ATL,SAC,126,80,0
68,0021700195,2017,11,13,NOP,ATL,106,105,0
69,0021700177,2017,11,11,WAS,ATL,113,94,0
70,0021700169,2017,11,10,DET,ATL,111,104,0
71,0021700146,2017,11,6,ATL,BOS,107,110,0
72,0021700136,2017,11,5,CLE,ATL,115,117,0
73,0021700123,2017,11,3,ATL,HOU,104,119,0
74,0021700107,2017,11,1,PHI,ATL,119,109,0
75,0021700085,2017,10,29,ATL,MIL,106,117,0
76,0021700072,2017,10,27,ATL,DEN,100,105,0
77,0021700065,2017,10,26,CHI,ATL,91,86,0
78,0021700042,2017,10,23,MIA,ATL,104,93,0
79,0021700038,2017,10,22,BKN,ATL,116,104,0
80,0021700017,2017,10,20,CHA,ATL,109,91,0
81,0021700009,2017,10,18,DAL,ATL,111,117,0
82,0021701219,2018,4,11,BOS,BKN,110,97,0
83,0021701215,2018,4,10,WAS,BOS,113,101,0
84,0021701185,2018,4,6,BOS,CHI,111,104,0
85,0021701171,2018,4,4,TOR,BOS,96,78,0
86,0021701162,2018,4,3,MIL,BOS,106,102,0
87,0021701140,2018,3,31,BOS,TOR,110,99,0
88,0021701121,2018,3,28,UTA,BOS,94,97,0
89,0021701107,2018,3,26,PHX,BOS,94,102,0
90,0021701099,2018,3,25,SAC,BOS,93,104,0
91,0021701086,2018,3,23,POR,BOS,100,105,0
92,0021701059,2018,3,20,BOS,OKC,100,99,0
93,0021701047,2018,3,18,NOP,BOS,108,89,0
94,0021701029,2018,3,16,ORL,BOS,83,92,0
95,0021701017,2018,3,14,BOS,WAS,124,125,0
96,0021700998,2018,3,11,BOS,IND,97,99,0
97,0021700974,2018,3,8,MIN,BOS,109,117,0
98,0021700953,2018,3,5,CHI,BOS,89,105,0
99,0021700939,2018,3,3,HOU,BOS,123,120,0
100,0021700916,2018,2,28,BOS,CHA,134,106,0
101,0021700898,2018,2,26,BOS,MEM,109,98,0
102,0021700886,2018,2,24,NYK,BOS,112,121,0
103,0021700873,2018,2,23,DET,BOS,98,110,0
104,0021700858,2018,2,14,BOS,LAC,119,129,0
105,0021700835,2018,2,11,BOS,CLE,99,121,0
106,0021700820,2018,2,9,BOS,IND,91,97,0
107,0021700813,2018,2,8,WAS,BOS,104,110,0
108,0021700798,2018,2,6,TOR,BOS,111,91,0
109,0021700784,2018,2,4,BOS,POR,97,96,0
110,0021700758,2018,1,31,BOS,NYK,103,73,0
111,0021700743,2018,1,29,DEN,BOS,110,111,0
112,0021700728,2018,1,27,GSW,BOS,109,105,0
113,0021700709,2018,1,24,LAC,BOS,102,113,0
114,0021700700,2018,1,23,LAL,BOS,108,107,0
115,0021700683,2018,1,21,BOS,ORL,95,103,0
116,0021700663,2018,1,18,BOS,PHI,80,89,0
117,0021700650,2018,1,16,BOS,NOP,113,116,0
118,0021700614,2018,1,11,PHI,BOS,103,114,0
119,0021700579,2018,1,6,BKN,BOS,85,87,0
120,0021700570,2018,1,5,BOS,MIN,91,84,0
121,0021700559,2018,1,3,BOS,CLE,102,88,0
122,0021700539,2017,12,31,BOS,BKN,108,105,0
123,0021700517,2017,12,28,BOS,HOU,99,98,0
124,0021700506,2017,12,27,CHA,BOS,91,102,0
125,0021700495,2017,12,25,BOS,WAS,103,111,0
126,0021700485,2017,12,23,BOS,CHI,117,92,0
127,0021700468,2017,12,21,NYK,BOS,102,93,0
128,0021700456,2017,12,20,BOS,MIA,89,90,0
129,0021700442,2017,12,18,IND,BOS,111,112,0
130,0021700436,2017,12,16,MEM,BOS,93,102,0
131,0021700423,2017,12,15,BOS,UTA,95,107,0
132,0021700407,2017,12,13,BOS,DEN,124,118,0
133,0021700391,2017,12,11,CHI,BOS,108,85,0
134,0021700386,2017,12,10,DET,BOS,81,91,0
135,0021700374,2017,12,8,SAS,BOS,105,102,0
136,0021700356,2017,12,6,BOS,DAL,97,90,0
137,0021700343,2017,12,4,BOS,MIL,111,100,0
138,0021700326,2017,12,2,BOS,PHX,116,111,0
139,0021700314,2017,11,30,BOS,PHI,108,97,0
140,0021700292,2017,11,27,BOS,DET,108,118,0
141,0021700281,2017,11,25,IND,BOS,98,108,0
142,0021700269,2017,11,24,BOS,ORL,118,103,0
143,0021700257,2017,11,22,MIA,BOS,104,98,0
144,0021700249,2017,11,20,DAL,BOS,102,110,0
145,0021700215,2017,11,16,BOS,GSW,92,88,0
146,0021700201,2017,11,14,BKN,BOS,102,109,0
147,0021700188,2017,11,12,BOS,TOR,95,94,0
148,0021700170,2017,11,10,BOS,CHA,90,87,0
149,0021700161,2017,11,8,BOS,LAL,107,96,0
150,0021700138,2017,11,5,ORL,BOS,88,104,0
151,0021700129,2017,11,3,OKC,BOS,94,101,0
152,0021700109,2017,11,1,BOS,SAC,113,86,0
153,0021700092,2017,10,30,BOS,SAS,108,94,0
154,0021700078,2017,10,28,MIA,BOS,90,96,0
155,0021700067,2017,10,26,MIL,BOS,89,96,0
156,0021700051,2017,10,24,BOS,NYK,110,89,0
157,0021700019,2017,10,20,PHI,BOS,92,102,0
158,0021700007,2017,10,18,BOS,MIL,100,108,0
159,0021700001,2017,10,17,CLE,BOS,102,99,0
160,0021701205,2018,4,9,BKN,CHI,114,105,0
161,0021701193,2018,4,7,CHI,BKN,96,124,0
162,0021701178,2018,4,5,MIL,BKN,111,119,0
163,0021701157,2018,4,3,PHI,BKN,121,95,0
164,0021701148,2018,4,1,BKN,DET,96,108,0
165,0021701141,2018,3,31,MIA,BKN,109,110,0
166,0021701117,2018,3,28,ORL,BKN,104,111,0
167,0021701094,2018,3,25,BKN,CLE,114,121,0
168,0021701082,2018,3,23,TOR,BKN,116,112,0
169,0021701067,2018,3,21,BKN,CHA,105,111,0
170,0021701053,2018,3,19,BKN,MEM,118,115,0
171,0021701037,2018,3,17,BKN,DAL,114,106,0
172,0021701030,2018,3,16,PHI,BKN,120,116,0
173,0021701008,2018,3,13,BKN,TOR,102,116,0
174,0021700999,2018,3,11,BKN,PHI,97,120,0
175,0021700972,2018,3,8,CHA,BKN,111,125,0
176,0021700963,2018,3,6,GSW,BKN,114,101,0
177,0021700948,2018,3,4,LAC,BKN,123,120,0
178,0021700924,2018,3,1,SAC,BKN,116,111,0
179,0021700908,2018,2,27,CLE,BKN,129,123,0
180,0021700899,2018,2,26,BKN,CHI,104,87,0
181,0021700867,2018,2,22,CHA,BKN,111,96,0
182,0021700856,2018,2,14,BKN,IND,103,108,0
183,0021700843,2018,2,12,BKN,LAC,101,114,0
184,0021700826,2018,2,10,BKN,NOP,128,138,0
185,0021700805,2018,2,7,DET,BKN,115,106,0
186,0021700800,2018,2,6,BKN,HOU,113,123,0
187,0021700785,2018,2,4,BKN,MIL,94,109,0
188,0021700768,2018,2,2,BKN,LAL,99,102,0
189,0021700756,2018,1,31,BKN,PHI,116,108,0
190,0021700745,2018,1,30,NYK,BKN,111,95,0
191,0021700729,2018,1,27,MIN,BKN,111,97,0
192,0021700719,2018,1,26,MIL,BKN,116,91,0
193,0021700697,2018,1,23,OKC,BKN,109,108,0
194,0021700685,2018,1,21,DET,BKN,100,101,0
195,0021700668,2018,1,19,BKN,MIA,101,95,0
196,0021700655,2018,1,17,BKN,SAS,95,100,0
197,0021700642,2018,1,15,BKN,NYK,104,119,0
198,0021700630,2018,1,13,WAS,BKN,119,113,0
199,0021700606,2018,1,10,BKN,DET,80,114,0
200,0021700592,2018,1,8,BKN,TOR,113,114,0
201,0021700557,2018,1,3,BKN,MIN,98,97,0
202,0021700545,2018,1,1,BKN,ORL,98,95,0
203,0021700523,2017,12,29,MIA,BKN,87,111,0
204,0021700511,2017,12,27,NOP,BKN,128,113,0
205,0021700502,2017,12,26,SAS,BKN,109,97,0
206,0021700482,2017,12,23,IND,BKN,123,119,0
207,0021700473,2017,12,22,BKN,WAS,119,84,0
208,0021700457,2017,12,20,BKN,SAC,99,104,0
209,0021700439,2017,12,17,BKN,IND,97,109,0
210,0021700424,2017,12,15,TOR,BKN,120,87,0
211,0021700414,2017,12,14,BKN,NYK,104,111,0
212,0021700400,2017,12,12,BKN,WAS,103,98,0
213,0021700376,2017,12,9,BKN,MIA,89,101,0
214,0021700365,2017,12,7,BKN,OKC,100,95,0
215,0021700310,2017,11,29,DAL,BKN,104,109,0
216,0021700294,2017,11,27,HOU,BKN,117,103,0
217,0021700289,2017,11,26,MEM,BKN,88,98,0
218,0021700267,2017,11,24,BKN,POR,125,127,0
219,0021700254,2017,11,22,CLE,BKN,119,109,0
220,0021700236,2017,11,19,BKN,GSW,111,118,0
221,0021700219,2017,11,17,BKN,UTA,118,107,0
222,0021700187,2017,11,11,UTA,BKN,114,106,0
223,0021700176,2017,11,10,POR,BKN,97,101,0
224,0021700155,2017,11,7,DEN,BKN,112,104,0
225,0021700147,2017,11,6,PHX,BKN,92,98,0
226,0021700130,2017,11,3,LAL,BKN,124,112,0
227,0021700102,2017,10,31,BKN,PHX,114,122,0
228,0021700087,2017,10,29,BKN,DEN,111,124,0
229,0021700073,2017,10,27,NYK,BKN,107,86,0
230,0021700058,2017,10,25,BKN,CLE,112,107,0
231,0021700050,2017,10,24,ORL,BKN,125,121,0
232,0021700022,2017,10,20,BKN,ORL,126,121,0
233,0021700004,2017,10,18,IND,BKN,140,131,0
234,0021701213,2018,4,10,IND,CHA,93,119,0
235,0021701197,2018,4,8,CHA,IND,117,123,0
236,0021701182,2018,4,6,ORL,CHA,100,137,0
237,0021701160,2018,4,3,CHI,CHA,120,114,0
238,0021701143,2018,4,1,CHA,PHI,102,119,0
239,0021701138,2018,3,31,WAS,CHA,107,93,0
240,0021701116,2018,3,28,CHA,CLE,105,118,0
241,0021701103,2018,3,26,CHA,NYK,137,128,0
242,0021701093,2018,3,24,DAL,CHA,98,102,0
243,0021701072,2018,3,22,CHA,MEM,140,79,0
244,0021701052,2018,3,19,PHI,CHA,108,94,0
245,0021701038,2018,3,17,NYK,CHA,124,101,0
246,0021701011,2018,3,13,NOP,CHA,119,115,0
247,0021700987,2018,3,10,CHA,PHX,122,115,0
248,0021700957,2018,3,6,CHA,PHI,114,128,0
249,0021700944,2018,3,4,TOR,CHA,103,98,0
250,0021700927,2018,3,2,PHI,CHA,110,99,0
251,0021700907,2018,2,27,CHA,CHI,118,103,0
252,0021700892,2018,2,25,CHA,DET,114,98,0
253,0021700875,2018,2,23,WAS,CHA,105,122,0
254,0021700854,2018,2,14,ORL,CHA,102,104,0
255,0021700833,2018,2,11,CHA,TOR,103,123,0
256,0021700824,2018,2,9,UTA,CHA,106,94,0
257,0021700814,2018,2,8,POR,CHA,109,103,0
258,0021700794,2018,2,5,DEN,CHA,121,104,0
259,0021700789,2018,2,4,PHX,CHA,110,115,0
260,0021700766,2018,2,2,CHA,IND,133,126,0
261,0021700738,2018,1,29,IND,CHA,105,96,0
262,0021700727,2018,1,27,MIA,CHA,95,91,0
263,0021700701,2018,1,24,CHA,NOP,96,101,0
264,0021700687,2018,1,22,CHA,SAC,112,107,0
265,0021700676,2018,1,20,CHA,MIA,105,106,0
266,0021700653,2018,1,17,CHA,WAS,133,109,0
267,0021700638,2018,1,15,DET,CHA,107,118,0
268,0021700629,2018,1,13,CHA,OKC,91,101,0
269,0021700618,2018,1,12,CHA,UTA,99,88,0
270,0021700603,2018,1,10,CHA,DAL,111,115,0
271,0021700577,2018,1,5,LAL,CHA,94,108,0
272,0021700552,2018,1,2,SAC,CHA,111,131,0
273,0021700542,2017,12,31,LAC,CHA,106,98,0
274,0021700528,2017,12,29,GSW,CHA,100,111,0
275,0021700481,2017,12,23,CHA,MIL,111,106,0
276,0021700476,2017,12,22,MIL,CHA,109,104,0
277,0021700454,2017,12,20,CHA,TOR,111,129,0
278,0021700441,2017,12,18,CHA,NYK,109,91,0
279,0021700429,2017,12,16,CHA,POR,91,93,0
280,0021700418,2017,12,15,CHA,MIA,98,104,0
281,0021700412,2017,12,13,HOU,CHA,108,96,0
282,0021700394,2017,12,11,OKC,CHA,103,116,0
283,0021700377,2017,12,9,CHA,LAL,99,110,0
284,0021700367,2017,12,8,CHA,CHI,111,119,0
285,0021700358,2017,12,6,CHA,GSW,87,101,0
286,0021700339,2017,12,4,CHA,ORL,104,94,0
287,0021700321,2017,12,1,MIA,CHA,105,100,0
288,0021700307,2017,11,29,TOR,CHA,126,113,0
289,0021700277,2017,11,25,CHA,SAS,86,106,0
290,0021700270,2017,11,24,CLE,CHA,100,99,0
291,0021700253,2017,11,22,CHA,WAS,129,124,0
292,0021700241,2017,11,20,CHA,MIN,118,102,0
293,0021700228,2017,11,18,CHA,LAC,102,87,0
294,0021700222,2017,11,17,CHI,CHA,123,120,0
295,0021700207,2017,11,15,CHA,CLE,107,115,0
296,0021700152,2017,11,7,NYK,CHA,118,113,0
297,0021700143,2017,11,5,MIN,CHA,112,94,0
298,0021700126,2017,11,3,SAS,CHA,108,101,0
299,0021700105,2017,11,1,CHA,MIL,126,121,0
300,0021700096,2017,10,30,MEM,CHA,99,104,0
301,0021700088,2017,10,29,CHA,ORL,120,113,0
302,0021700070,2017,10,27,CHA,HOU,93,109,0
303,0021700055,2017,10,25,CHA,DEN,110,93,0
304,0021700044,2017,10,23,MIL,CHA,103,94,0
305,0021700003,2017,10,18,DET,CHA,102,90,0
306,0021701224,2018,4,11,CHI,DET,87,119,0
307,0021701144,2018,4,1,CHI,WAS,113,94,0
308,0021701129,2018,3,30,ORL,CHI,82,90,0
309,0021701125,2018,3,29,MIA,CHI,103,92,0
310,0021701111,2018,3,27,HOU,CHI,118,86,0
311,0021701089,2018,3,24,DET,CHI,117,95,0
312,0021701083,2018,3,23,CHI,MIL,105,118,0
313,0021701069,2018,3,21,CHI,DEN,102,135,0
314,0021701055,2018,3,19,NYK,CHI,110,92,0
315,0021701039,2018,3,17,CHI,CLE,109,114,0
316,0021701024,2018,3,15,MEM,CHI,110,111,0
317,0021701010,2018,3,13,CHI,LAC,106,112,0
318,0021700977,2018,3,9,DET,CHI,99,83,0
319,0021700967,2018,3,7,CHI,MEM,119,110,0
320,0021700930,2018,3,2,CHI,DAL,108,100,0
321,0021700888,2018,2,24,MIN,CHI,122,104,0
322,0021700870,2018,2,22,CHI,PHI,115,116,0
323,0021700859,2018,2,14,CHI,TOR,98,122,0
324,0021700844,2018,2,12,CHI,ORL,105,101,0
325,0021700829,2018,2,10,CHI,WAS,90,101,0
326,0021700822,2018,2,9,CHI,MIN,114,113,0
327,0021700795,2018,2,5,SAC,CHI,104,98,0
328,0021700775,2018,2,3,LAC,CHI,113,103,0
329,0021700759,2018,1,31,POR,CHI,124,108,0
330,0021700731,2018,1,28,CHI,MIL,96,110,0
331,0021700717,2018,1,26,CHI,LAL,103,108,0
332,0021700704,2018,1,24,PHI,CHI,115,101,0
333,0021700692,2018,1,22,NOP,CHI,132,128,0
334,0021700657,2018,1,17,CHI,GSW,112,119,0
335,0021700644,2018,1,15,CHI,MIA,119,111,0
336,0021700632,2018,1,13,CHI,DET,107,105,0
337,0021700607,2018,1,10,NYK,CHI,119,122,0
338,0021700593,2018,1,8,CHI,HOU,107,116,0
339,0021700581,2018,1,6,IND,CHI,125,86,0
340,0021700572,2018,1,5,DAL,CHI,124,127,0
341,0021700560,2018,1,3,CHI,TOR,115,124,0
342,0021700547,2018,1,1,CHI,POR,120,124,0
343,0021700537,2017,12,31,WAS,CHI,114,110,0
344,0021700524,2017,12,29,CHI,IND,119,107,0
345,0021700509,2017,12,27,CHI,NYK,92,87,0
346,0021700501,2017,12,26,MIL,CHI,106,115,0
347,0021700466,2017,12,21,CLE,CHI,115,112,0
348,0021700458,2017,12,20,CHI,ORL,112,94,0
349,0021700444,2017,12,18,CHI,PHI,117,115,0
350,0021700426,2017,12,15,MIL,CHI,109,115,0
351,0021700409,2017,12,13,CHI,UTA,103,100,0
352,0021700380,2017,12,9,CHI,NYK,104,102,0
353,0021700354,2017,12,6,IND,CHI,98,96,0
354,0021700344,2017,12,4,CHI,CLE,91,113,0
355,0021700322,2017,12,1,CHI,SAC,106,107,0
356,0021700315,2017,11,30,DEN,CHI,111,110,0
357,0021700299,2017,11,28,CHI,PHX,99,104,0
358,0021700287,2017,11,26,CHI,MIA,93,100,0
359,0021700276,2017,11,24,GSW,CHI,143,94,0
360,0021700265,2017,11,22,UTA,CHI,110,80,0
361,0021700252,2017,11,21,LAL,CHI,103,94,0
362,0021700239,2017,11,19,PHX,CHI,113,105,0
363,0021700212,2017,11,15,OKC,CHI,92,79,0
364,0021700183,2017,11,11,SAS,CHI,133,94,0
365,0021700171,2017,11,10,CHI,IND,87,105,0
366,0021700153,2017,11,7,TOR,CHI,119,114,0
367,0021700133,2017,11,4,CHI,NOP,90,96,0
368,0021700120,2017,11,3,ORL,CHI,83,105,0
369,0021700110,2017,11,1,MIA,CHI,97,91,0
370,0021700079,2017,10,28,CHI,OKC,69,101,0
371,0021700049,2017,10,24,CLE,CHI,119,112,0
372,0021700031,2017,10,21,CHI,SAS,77,87,0
373,0021700014,2017,10,19,TOR,CHI,117,100,0
374,0021701220,2018,4,11,CLE,NYK,98,110,0
375,0021701207,2018,4,9,NYK,CLE,109,123,0
376,0021701183,2018,4,6,PHI,CLE,132,130,0
377,0021701176,2018,4,5,CLE,WAS,119,115,0
378,0021701156,2018,4,3,CLE,TOR,112,106,0
379,0021701149,2018,4,1,CLE,DAL,98,87,0
380,0021701131,2018,3,30,CLE,NOP,107,102,0
381,0021701110,2018,3,27,MIA,CLE,98,79,0
382,0021701080,2018,3,23,CLE,PHX,120,95,0
383,0021701065,2018,3,21,CLE,TOR,132,129,0
384,0021701050,2018,3,19,CLE,MIL,124,117,0
385,0021701028,2018,3,15,POR,CLE,113,105,0
386,0021701014,2018,3,13,PHX,CLE,107,129,0
387,0021701000,2018,3,11,LAL,CLE,127,113,0
388,0021700986,2018,3,9,LAC,CLE,116,102,0
389,0021700970,2018,3,7,DEN,CLE,108,113,0
390,0021700950,2018,3,5,CLE,DET,112,90,0
391,0021700937,2018,3,3,CLE,DEN,117,126,0
392,0021700923,2018,3,1,CLE,PHI,97,108,0
393,0021700894,2018,2,25,CLE,SAS,94,110,0
394,0021700878,2018,2,23,MEM,CLE,89,112,0
395,0021700869,2018,2,22,CLE,WAS,103,110,0
396,0021700850,2018,2,13,OKC,CLE,112,120,0
397,0021700807,2018,2,7,CLE,MIN,140,138,0
398,0021700797,2018,2,6,ORL,CLE,116,98,0
399,0021700779,2018,2,3,CLE,HOU,88,120,0
400,0021700757,2018,1,31,CLE,MIA,91,89,0
401,0021700747,2018,1,30,DET,CLE,125,114,0
402,0021700734,2018,1,28,CLE,DET,121,104,0
403,0021700715,2018,1,26,CLE,IND,115,108,0
404,0021700698,2018,1,23,SAS,CLE,114,102,0
405,0021700674,2018,1,20,CLE,OKC,124,148,0
406,0021700664,2018,1,18,CLE,ORL,104,103,0
407,0021700646,2018,1,15,CLE,GSW,108,118,0
408,0021700619,2018,1,12,IND,CLE,97,95,0
409,0021700615,2018,1,11,TOR,CLE,133,99,0
410,0021700594,2018,1,8,MIN,CLE,127,99,0
411,0021700582,2018,1,6,ORL,CLE,127,131,0
412,0021700549,2018,1,2,CLE,POR,127,110,0
413,0021700534,2017,12,30,UTA,CLE,104,101,0
414,0021700513,2017,12,27,SAC,CLE,109,95,0
415,0021700494,2017,12,25,GSW,CLE,99,92,0
416,0021700453,2017,12,19,MIL,CLE,119,116,0
417,0021700440,2017,12,17,WAS,CLE,99,106,0
418,0021700430,2017,12,16,CLE,UTA,109,100,0
419,0021700415,2017,12,14,CLE,LAL,121,112,0
420,0021700379,2017,12,9,CLE,PHI,105,98,0
421,0021700369,2017,12,8,IND,CLE,106,102,0
422,0021700353,2017,12,6,CLE,SAC,101,95,0
423,0021700329,2017,12,2,CLE,MEM,116,111,0
424,0021700298,2017,11,28,CLE,MIA,108,97,0
425,0021700291,2017,11,27,PHI,CLE,91,113,0
426,0021700242,2017,11,20,DET,CLE,88,116,0
427,0021700220,2017,11,17,CLE,LAC,118,113,0
428,0021700193,2017,11,13,NYK,CLE,101,104,0
429,0021700181,2017,11,11,DAL,CLE,104,111,0
430,0021700166,2017,11,9,HOU,CLE,117,113,0
431,0021700149,2017,11,7,CLE,MIL,124,119,0
432,0021700122,2017,11,3,WAS,CLE,122,130,0
433,0021700106,2017,11,1,CLE,IND,107,124,0
434,0021700090,2017,10,29,CLE,NYK,95,114,0
435,0021700077,2017,10,28,NOP,CLE,123,101,0
436,0021700028,2017,10,21,CLE,ORL,93,114,0
437,0021700021,2017,10,20,MIL,CLE,97,116,0
438,0021701216,2018,4,10,DAL,PHX,97,124,0
439,0021701198,2018,4,8,PHI,DAL,109,97,0
440,0021701181,2018,4,6,DET,DAL,113,106,0
441,0021701170,2018,4,4,ORL,DAL,105,100,0
442,0021701164,2018,4,3,DAL,POR,115,109,0
443,0021701134,2018,3,30,DAL,MIN,92,93,0
444,0021701123,2018,3,28,LAL,DAL,103,93,0
445,0021701113,2018,3,27,SAC,DAL,97,103,0
446,0021701076,2018,3,22,DAL,UTA,112,119,0
447,0021701061,2018,3,20,NOP,DAL,115,105,0
448,0021701031,2018,3,16,TOR,DAL,122,115,0
449,0021701009,2018,3,13,NYK,DAL,97,110,0
450,0021700997,2018,3,11,DAL,HOU,82,105,0
451,0021700989,2018,3,10,DAL,MEM,114,80,0
452,0021700961,2018,3,6,DAL,DEN,118,107,0
453,0021700946,2018,3,4,DAL,NOP,109,126,0
454,0021700919,2018,2,28,DAL,OKC,110,111,0
455,0021700904,2018,2,26,DAL,IND,109,103,0
456,0021700890,2018,2,24,UTA,DAL,97,90,0
457,0021700883,2018,2,23,LAL,DAL,124,102,0
458,0021700851,2018,2,13,DAL,SAC,109,114,0
459,0021700837,2018,2,11,HOU,DAL,104,97,0
460,0021700830,2018,2,10,DAL,LAL,130,123,0
461,0021700815,2018,2,8,GSW,DAL,121,103,0
462,0021700796,2018,2,5,LAC,DAL,104,101,0
463,0021700783,2018,2,3,SAC,DAL,99,106,0
464,0021700760,2018,1,31,PHX,DAL,102,88,0
465,0021700742,2018,1,29,DAL,MIA,88,95,0
466,0021700730,2018,1,27,DEN,DAL,91,89,0
467,0021700721,2018,1,26,DAL,POR,93,107,0
468,0021700706,2018,1,24,DAL,HOU,97,104,0
469,0021700693,2018,1,22,DAL,WAS,98,75,0
470,0021700682,2018,1,20,POR,DAL,117,108,0
471,0021700651,2018,1,16,DEN,DAL,105,102,0
472,0021700627,2018,1,13,DAL,LAL,101,107,0
473,0021700601,2018,1,9,DAL,ORL,114,99,0
474,0021700587,2018,1,7,DAL,NYK,96,100,0
475,0021700562,2018,1,3,DAL,GSW,122,125,0
476,0021700541,2017,12,31,OKC,DAL,113,116,0
477,0021700525,2017,12,29,NOP,DAL,120,128,0
478,0021700507,2017,12,27,IND,DAL,94,98,0
479,0021700499,2017,12,26,DAL,TOR,98,93,0
480,0021700474,2017,12,22,MIA,DAL,113,101,0
481,0021700461,2017,12,20,DAL,DET,110,93,0
482,0021700448,2017,12,18,DAL,PHX,91,97,0
483,0021700435,2017,12,16,SAS,DAL,98,96,0
484,0021700417,2017,12,14,GSW,DAL,112,97,0
485,0021700402,2017,12,12,DAL,SAS,95,89,0
486,0021700388,2017,12,10,MIN,DAL,97,92,0
487,0021700372,2017,12,8,MIL,DAL,109,102,0
488,0021700347,2017,12,4,DAL,DEN,122,105,0
489,0021700327,2017,12,2,DAL,LAC,108,82,0
490,0021700295,2017,11,27,SAS,DAL,115,108,0
491,0021700283,2017,11,25,DAL,OKC,97,81,0
492,0021700260,2017,11,22,MEM,DAL,94,95,0
493,0021700233,2017,11,18,DAL,MIL,111,79,0
494,0021700224,2017,11,17,DAL,MIN,87,111,0
495,0021700203,2017,11,14,DAL,SAS,91,97,0
496,0021700191,2017,11,12,OKC,DAL,112,99,0
497,0021700151,2017,11,7,WAS,DAL,99,113,0
498,0021700134,2017,11,4,MIN,DAL,112,99,0
499,0021700125,2017,11,3,DAL,NOP,94,99,0
500,0021700116,2017,11,1,LAC,DAL,119,98,0
501,0021700098,2017,10,30,UTA,DAL,104,89,0
502,0021700081,2017,10,28,DAL,PHI,110,112,0
503,0021700066,2017,10,26,MEM,DAL,96,91,0
504,0021700061,2017,10,25,DAL,MEM,103,94,0
505,0021700045,2017,10,23,DAL,GSW,103,133,0
506,0021700032,2017,10,21,HOU,DAL,107,91,0
507,0021700024,2017,10,20,DAL,SAC,88,93,0
508,0021701225,2018,4,11,MIN,DEN,112,106,0
509,0021701211,2018,4,9,DEN,POR,88,82,0
510,0021701191,2018,4,7,LAC,DEN,115,134,0
511,0021701180,2018,4,5,DEN,MIN,100,96,0
512,0021701165,2018,4,3,DEN,IND,107,104,0
513,0021701152,2018,4,1,DEN,MIL,128,125,0
514,0021701133,2018,3,30,OKC,DEN,125,126,0
515,0021701109,2018,3,27,TOR,DEN,114,110,0
516,0021701105,2018,3,26,PHI,DEN,123,104,0
517,0021701079,2018,3,23,WAS,DEN,100,108,0
518,0021701054,2018,3,19,MIA,DEN,149,141,0
519,0021701040,2018,3,17,MEM,DEN,101,94,0
520,0021701026,2018,3,15,DEN,DET,120,113,0
521,0021701015,2018,3,13,LAL,DEN,112,103,0
522,0021700996,2018,3,11,DEN,SAC,130,104,0
523,0021700983,2018,3,9,DEN,LAL,125,116,0
524,0021700931,2018,3,2,MEM,DEN,102,108,0
525,0021700912,2018,2,27,DEN,LAC,120,122,0
526,0021700896,2018,2,25,DEN,HOU,114,119,0
527,0021700880,2018,2,23,DEN,SAS,122,119,0
528,0021700865,2018,2,15,MIL,DEN,123,134,0
529,0021700852,2018,2,13,DEN,SAS,117,109,0
530,0021700832,2018,2,10,PHX,DEN,113,123,0
531,0021700823,2018,2,9,HOU,DEN,130,104,0
532,0021700782,2018,2,3,DEN,GSW,115,108,0
533,0021700765,2018,2,1,DEN,OKC,127,124,0
534,0021700750,2018,1,30,SAS,DEN,106,104,0
535,0021700712,2018,1,25,DEN,NYK,130,118,0
536,0021700694,2018,1,22,DEN,POR,104,101,0
537,0021700671,2018,1,19,DEN,PHX,100,108,0
538,0021700662,2018,1,17,LAC,DEN,109,104,0
539,0021700633,2018,1,13,SAS,DEN,112,80,0
540,0021700625,2018,1,12,DEN,MEM,87,78,0
541,0021700597,2018,1,8,GSW,DEN,124,114,0
542,0021700585,2018,1,6,SAC,DEN,106,98,0
543,0021700574,2018,1,5,DEN,UTA,99,91,0
544,0021700563,2018,1,3,DEN,PHX,134,111,0
545,0021700536,2017,12,30,DEN,PHI,102,107,0
546,0021700510,2017,12,27,MIN,DEN,128,125,0
547,0021700503,2017,12,26,DEN,UTA,107,83,0
548,0021700489,2017,12,23,GSW,DEN,81,96,0
549,0021700478,2017,12,22,POR,DEN,85,102,0
550,0021700462,2017,12,20,DEN,MIN,104,112,0
551,0021700447,2017,12,18,OKC,DEN,95,94,0
552,0021700427,2017,12,15,DEN,NOP,117,111,0
553,0021700398,2017,12,12,DET,DEN,84,103,0
554,0021700387,2017,12,10,IND,DEN,126,116,0
555,0021700370,2017,12,8,ORL,DEN,89,103,0
556,0021700360,2017,12,6,NOP,DEN,123,114,0
557,0021700332,2017,12,2,DEN,LAL,115,100,0
558,0021700301,2017,11,28,UTA,DEN,106,77,0
559,0021700274,2017,11,24,DEN,MEM,104,92,0
560,0021700259,2017,11,22,HOU,DEN,125,95,0
561,0021700251,2017,11,20,SAC,DEN,98,114,0
562,0021700240,2017,11,19,LAL,DEN,127,109,0
563,0021700226,2017,11,17,DEN,NOP,146,114,0
564,0021700198,2017,11,13,POR,DEN,99,82,0
565,0021700185,2017,11,11,DEN,ORL,125,107,0
566,0021700168,2017,11,9,DEN,OKC,102,94,0
567,0021700135,2017,11,4,DEN,GSW,108,127,0
568,0021700127,2017,11,3,DEN,MIA,95,94,0
569,0021700114,2017,11,1,DEN,TOR,129,111,0
570,0021700094,2017,10,30,NYK,DEN,116,110,0
571,0021700047,2017,10,23,DEN,WAS,104,109,0
572,0021700035,2017,10,21,DEN,SAC,96,79,0
573,0021700010,2017,10,18,UTA,DEN,106,96,0
574,0021701204,2018,4,9,DET,TOR,98,108,0
575,0021701199,2018,4,8,MEM,DET,130,117,0
576,0021701169,2018,4,4,DET,PHI,108,115,0
577,0021701139,2018,3,31,NYK,DET,109,115,0
578,0021701124,2018,3,29,DET,WAS,103,92,0
579,0021701104,2018,3,26,DET,LAL,112,106,0
580,0021701074,2018,3,22,HOU,DET,100,96,0
581,0021701063,2018,3,20,PHX,DET,88,115,0
582,0021701057,2018,3,19,SAC,DET,90,106,0
583,0021701045,2018,3,17,POR,DET,100,87,0
584,0021701013,2018,3,13,UTA,DET,110,79,0
585,0021700966,2018,3,7,DET,TOR,119,121,0
586,0021700938,2018,3,3,MIA,DET,105,96,0
587,0021700926,2018,3,2,ORL,DET,115,106,0
588,0021700913,2018,2,28,DET,MIL,110,87,0
589,0021700901,2018,2,26,TOR,DET,123,94,0
590,0021700841,2018,2,12,DET,NOP,103,118,0
591,0021700817,2018,2,9,DET,LAC,95,108,0
592,0021700790,2018,2,5,DET,POR,111,91,0
593,0021700776,2018,2,3,DET,MIA,111,107,0
594,0021700761,2018,2,1,DET,MEM,104,102,0
595,0021700724,2018,1,27,DET,OKC,108,121,0
596,0021700702,2018,1,24,DET,UTA,95,98,0
597,0021700669,2018,1,19,DET,WAS,112,122,0
598,0021700656,2018,1,17,TOR,DET,96,91,0
599,0021700595,2018,1,8,NOP,DET,112,109,0
600,0021700580,2018,1,6,DET,HOU,108,101,0
601,0021700569,2018,1,5,PHI,DET,114,78,0
602,0021700558,2018,1,3,MIA,DET,111,104,0
603,0021700530,2017,12,30,DET,SAS,93,79,0
604,0021700516,2017,12,28,ORL,DET,102,89,0
605,0021700498,2017,12,26,DET,IND,107,83,0
606,0021700471,2017,12,22,DET,NYK,104,101,0
607,0021700438,2017,12,17,DET,ORL,114,110,0
608,0021700419,2017,12,15,IND,DET,98,104,0
609,0021700368,2017,12,8,DET,GSW,98,102,0
610,0021700359,2017,12,6,MIL,DET,104,100,0
611,0021700348,2017,12,4,SAS,DET,96,93,0
612,0021700330,2017,12,2,PHI,DET,108,103,0
613,0021700320,2017,12,1,WAS,DET,109,91,0
614,0021700303,2017,11,29,DET,PHX,131,107,0
615,0021700273,2017,11,24,OKC,DET,98,99,0
616,0021700238,2017,11,19,MIN,DET,97,100,0
617,0021700217,2017,11,17,IND,DET,107,100,0
618,0021700209,2017,11,15,MIL,DET,99,95,0
619,0021700189,2017,11,12,DET,MIA,112,103,0
620,0021700159,2017,11,8,DET,IND,114,97,0
621,0021700132,2017,11,4,DET,SAC,108,99,0
622,0021700119,2017,11,3,DET,MIL,105,96,0
623,0021700104,2017,10,31,LAL,DET,113,93,0
624,0021700091,2017,10,29,GSW,DET,107,115,0
625,0021700084,2017,10,28,LAC,DET,87,95,0
626,0021700056,2017,10,25,DET,MIN,122,101,0
627,0021700041,2017,10,23,DET,PHI,86,97,0
628,0021700030,2017,10,21,NYK,DET,107,111,0
629,0021700020,2017,10,20,WAS,DET,115,111,0
630,0021701217,2018,4,10,UTA,GSW,119,79,0
631,0021701203,2018,4,8,PHX,GSW,100,117,0
632,0021701195,2018,4,7,GSW,NOP,120,126,0
633,0021701175,2018,4,5,IND,GSW,126,106,0
634,0021701163,2018,4,3,OKC,GSW,107,111,0
635,0021701153,2018,4,1,GSW,PHX,117,107,0
636,0021701142,2018,3,31,SAC,GSW,96,112,0
637,0021701128,2018,3,29,GSW,MIL,107,116,0
638,0021701114,2018,3,27,GSW,IND,81,92,0
639,0021701102,2018,3,25,GSW,UTA,91,110,0
640,0021701056,2018,3,19,SAS,GSW,89,75,0
641,0021701044,2018,3,17,PHX,GSW,109,124,0
642,0021701033,2018,3,16,GSW,SAC,93,98,0
643,0021701019,2018,3,14,GSW,LAL,117,106,0
644,0021700994,2018,3,11,MIN,GSW,109,103,0
645,0021700984,2018,3,9,POR,GSW,125,108,0
646,0021700976,2018,3,8,GSW,SAS,110,107,0
647,0021700917,2018,2,28,WAS,GSW,101,109,0
648,0021700900,2018,2,26,NYK,GSW,111,125,0
649,0021700887,2018,2,24,GSW,OKC,112,80,0
650,0021700872,2018,2,22,GSW,LAC,134,127,0
651,0021700864,2018,2,14,POR,GSW,123,117,0
652,0021700846,2018,2,12,GSW,PHX,129,83,0
653,0021700831,2018,2,10,GSW,SAS,122,105,0
654,0021700803,2018,2,6,GSW,OKC,105,125,0
655,0021700774,2018,2,2,SAC,GSW,104,119,0
656,0021700751,2018,1,30,UTA,GSW,129,99,0
657,0021700713,2018,1,25,GSW,MIN,126,113,0
658,0021700699,2018,1,23,GSW,NYK,123,112,0
659,0021700679,2018,1,20,HOU,GSW,116,108,0
660,0021700631,2018,1,13,TOR,GSW,125,127,0
661,0021700622,2018,1,12,MIL,GSW,94,108,0
662,0021700613,2018,1,10,GSW,LAC,106,125,0
663,0021700578,2018,1,6,LAC,GSW,105,121,0
664,0021700566,2018,1,4,HOU,GSW,114,124,0
665,0021700535,2017,12,30,GSW,MEM,141,128,0
666,0021700514,2017,12,27,GSW,UTA,126,101,0
667,0021700479,2017,12,22,GSW,LAL,113,106,0
668,0021700464,2017,12,20,GSW,MEM,97,84,0
669,0021700450,2017,12,18,LAL,GSW,114,116,0
670,0021700395,2017,12,11,GSW,POR,111,104,0
671,0021700346,2017,12,4,NOP,GSW,115,125,0
672,0021700335,2017,12,3,MIA,GSW,95,123,0
673,0021700318,2017,12,1,ORL,GSW,112,133,0
674,0021700312,2017,11,29,LAL,GSW,123,127,0
675,0021700296,2017,11,27,GSW,SAC,106,110,0
676,0021700284,2017,11,25,GSW,NOP,110,95,0
677,0021700263,2017,11,22,OKC,GSW,108,91,0
678,0021700231,2017,11,18,PHI,GSW,116,124,0
679,0021700199,2017,11,13,GSW,ORL,110,100,0
680,0021700184,2017,11,11,GSW,PHI,135,114,0
681,0021700163,2017,11,8,GSW,MIN,125,101,0
682,0021700148,2017,11,6,GSW,MIA,97,80,0
683,0021700117,2017,11,2,SAS,GSW,92,112,0
684,0021700100,2017,10,30,LAC,GSW,113,141,0
685,0021700075,2017,10,27,GSW,WAS,120,117,0
686,0021700063,2017,10,25,GSW,TOR,117,112,0
687,0021700033,2017,10,21,MEM,GSW,111,101,0
688,0021700025,2017,10,20,NOP,GSW,120,128,0
689,0021700002,2017,10,17,GSW,HOU,121,122,0
690,0021701230,2018,4,11,SAC,HOU,96,83,0
691,0021701218,2018,4,10,LAL,HOU,99,105,0
692,0021701194,2018,4,7,HOU,OKC,102,108,0
693,0021701177,2018,4,5,HOU,POR,96,94,0
694,0021701161,2018,4,3,HOU,WAS,120,104,0
695,0021701145,2018,4,1,SAS,HOU,100,83,0
696,0021701132,2018,3,30,HOU,PHX,104,103,0
697,0021701091,2018,3,24,HOU,NOP,114,91,0
698,0021701064,2018,3,20,POR,HOU,111,115,0
699,0021701048,2018,3,18,MIN,HOU,120,129,0
700,0021701036,2018,3,17,NOP,HOU,101,107,0
701,0021701023,2018,3,15,HOU,LAC,101,96,0
702,0021701001,2018,3,12,HOU,SAS,109,93,0
703,0021700979,2018,3,9,TOR,HOU,108,105,0
704,0021700968,2018,3,7,MIL,HOU,99,110,0
705,0021700960,2018,3,6,OKC,HOU,112,122,0
706,0021700921,2018,2,28,LAC,HOU,92,105,0
707,0021700905,2018,2,26,UTA,HOU,85,96,0
708,0021700877,2018,2,23,HOU,MIN,120,102,0
709,0021700860,2018,2,14,HOU,SAC,100,91,0
710,0021700849,2018,2,13,MIN,HOU,108,126,0
711,0021700806,2018,2,7,MIA,HOU,101,109,0
712,0021700764,2018,2,1,SAS,HOU,91,102,0
713,0021700748,2018,1,30,HOU,ORL,114,107,0
714,0021700732,2018,1,28,HOU,PHX,113,102,0
715,0021700720,2018,1,26,NOP,HOU,115,113,0
716,0021700689,2018,1,22,HOU,MIA,99,90,0
717,0021700665,2018,1,18,HOU,MIN,116,98,0
718,0021700648,2018,1,15,LAC,HOU,113,102,0
719,0021700626,2018,1,12,PHX,HOU,95,112,0
720,0021700608,2018,1,10,HOU,POR,121,112,0
721,0021700554,2018,1,3,ORL,HOU,98,116,0
722,0021700540,2017,12,31,HOU,LAL,148,142,0
723,0021700521,2017,12,29,WAS,HOU,121,103,0
724,0021700496,2017,12,25,OKC,HOU,112,107,0
725,0021700475,2017,12,22,HOU,LAC,118,128,0
726,0021700459,2017,12,20,HOU,LAL,116,122,0
727,0021700445,2017,12,18,HOU,UTA,120,99,0
728,0021700433,2017,12,16,HOU,MIL,115,111,0
729,0021700428,2017,12,15,HOU,SAS,124,109,0
730,0021700392,2017,12,11,HOU,NOP,130,123,0
731,0021700384,2017,12,9,POR,HOU,117,124,0
732,0021700366,2017,12,7,UTA,HOU,101,112,0
733,0021700338,2017,12,3,LAL,HOU,95,118,0
734,0021700308,2017,11,29,HOU,IND,118,97,0
735,0021700282,2017,11,25,HOU,NYK,117,102,0
736,0021700232,2017,11,18,MEM,HOU,83,105,0
737,0021700216,2017,11,16,PHX,HOU,116,142,0
738,0021700202,2017,11,14,HOU,TOR,113,129,0
739,0021700190,2017,11,12,IND,HOU,95,118,0
740,0021700180,2017,11,11,HOU,MEM,111,96,0
741,0021700140,2017,11,5,HOU,UTA,137,110,0
742,0021700111,2017,11,1,NYK,HOU,97,119,0
743,0021700095,2017,10,30,HOU,PHI,107,115,0
744,0021700080,2017,10,28,MEM,HOU,103,89,0
745,0021700057,2017,10,25,PHI,HOU,104,105,0
746,0021700043,2017,10,23,HOU,MEM,90,98,0
747,0021700013,2017,10,18,SAC,HOU,100,105,0
748,0021701187,2018,4,6,TOR,IND,92,73,0
749,0021701146,2018,4,1,LAC,IND,104,111,0
750,0021701127,2018,3,29,SAC,IND,103,106,0
751,0021701096,2018,3,25,IND,MIA,113,107,0
752,0021701078,2018,3,23,IND,LAC,109,104,0
753,0021700809,2018,3,21,NOP,IND,96,92,0
754,0021701051,2018,3,19,IND,LAL,110,100,0
755,0021701035,2018,3,17,WAS,IND,109,102,0
756,0021701020,2018,3,15,IND,TOR,99,106,0
757,0021701005,2018,3,13,PHI,IND,98,101,0
758,0021700965,2018,3,7,IND,UTA,84,104,0
759,0021700951,2018,3,5,IND,MIL,92,89,0
760,0021700945,2018,3,4,WAS,IND,95,98,0
761,0021700932,2018,3,2,MIL,IND,96,103,0
762,0021700836,2018,2,11,IND,NYK,121,113,0
763,0021700791,2018,2,5,IND,WAS,102,111,0
764,0021700777,2018,2,3,IND,PHI,100,92,0
765,0021700753,2018,1,31,IND,MEM,105,101,0
766,0021700725,2018,1,27,IND,ORL,114,112,0
767,0021700703,2018,1,24,IND,PHX,116,101,0
768,0021700686,2018,1,21,SAS,IND,86,94,0
769,0021700673,2018,1,19,LAL,IND,99,86,0
770,0021700666,2018,1,18,POR,IND,100,86,0
771,0021700647,2018,1,15,UTA,IND,94,109,0
772,0021700636,2018,1,14,PHX,IND,97,120,0
773,0021700604,2018,1,10,IND,MIA,106,114,0
774,0021700591,2018,1,8,IND,MIL,109,96,0
775,0021700561,2018,1,3,MIL,IND,122,101,0
776,0021700538,2017,12,31,IND,MIN,90,107,0
777,0021700404,2017,12,13,IND,OKC,95,100,0
778,0021700340,2017,12,4,IND,NYK,115,97,0
779,0021700319,2017,12,1,TOR,IND,120,115,0
780,0021700290,2017,11,27,IND,ORL,121,109,0
781,0021700271,2017,11,24,IND,TOR,107,104,0
782,0021700243,2017,11,20,ORL,IND,97,105,0
783,0021700235,2017,11,19,MIA,IND,95,120,0
784,0021700208,2017,11,15,MEM,IND,113,116,0
785,0021700150,2017,11,7,IND,NOP,112,117,0
786,0021700142,2017,11,5,NYK,IND,108,101,0
787,0021700121,2017,11,3,PHI,IND,121,110,0
788,0021700101,2017,10,31,IND,SAC,101,83,0
789,0021700086,2017,10,29,IND,SAS,97,94,0
790,0021700060,2017,10,25,OKC,IND,114,96,0
791,0021700052,2017,10,24,MIN,IND,107,130,0
792,0021700029,2017,10,21,MIA,IND,112,108,0
793,0021700018,2017,10,20,IND,POR,96,114,0
794,0021701228,2018,4,11,LAC,LAL,100,115,0
795,0021701212,2018,4,9,LAC,NOP,100,113,0
796,0021701179,2018,4,5,UTA,LAC,117,95,0
797,0021701168,2018,4,3,LAC,SAS,113,110,0
798,0021701137,2018,3,30,POR,LAC,105,96,0
799,0021701122,2018,3,28,PHX,LAC,99,111,0
800,0021701115,2018,3,27,LAC,MIL,105,98,0
801,0021701097,2018,3,25,TOR,LAC,106,117,0
802,0021701070,2018,3,21,MIL,LAC,120,127,0
803,0021701060,2018,3,20,MIN,LAC,123,109,0
804,0021701049,2018,3,18,LAC,POR,109,122,0
805,0021701032,2018,3,16,OKC,LAC,121,113,0
806,0021700991,2018,3,10,LAC,ORL,113,105,0
807,0021700964,2018,3,6,LAC,NOP,116,121,0
808,0021700935,2018,3,2,LAC,NYK,128,105,0
809,0021700881,2018,2,23,PHX,LAC,117,128,0
810,0021700828,2018,2,10,PHI,LAC,112,98,0
811,0021700752,2018,1,30,LAC,POR,96,104,0
812,0021700733,2018,1,28,NOP,LAC,103,112,0
813,0021700718,2018,1,26,MEM,LAC,100,109,0
814,0021700695,2018,1,22,LAC,MIN,118,126,0
815,0021700681,2018,1,20,UTA,LAC,125,113,0
816,0021700628,2018,1,13,LAC,SAC,126,105,0
817,0021700616,2018,1,11,SAC,LAC,115,121,0
818,0021700567,2018,1,4,LAC,OKC,117,127,0
819,0021700553,2018,1,2,LAC,MEM,113,105,0
820,0021700529,2017,12,29,LAL,LAC,106,121,0
821,0021700505,2017,12,26,LAC,SAC,122,95,0
822,0021700487,2017,12,23,MEM,LAC,115,112,0
823,0021700465,2017,12,20,LAC,PHX,108,95,0
824,0021700449,2017,12,18,SAS,LAC,109,91,0
825,0021700432,2017,12,16,MIA,LAC,90,85,0
826,0021700422,2017,12,15,WAS,LAC,100,91,0
827,0021700405,2017,12,13,ORL,LAC,95,106,0
828,0021700396,2017,12,11,LAC,TOR,96,91,0
829,0021700375,2017,12,9,LAC,WAS,113,112,0
830,0021700362,2017,12,6,LAC,MIN,107,113,0
831,0021700336,2017,12,3,MIN,LAC,112,106,0
832,0021700317,2017,11,30,LAC,UTA,107,126,0
833,0021700297,2017,11,27,LAC,LAL,120,115,0
834,0021700286,2017,11,25,SAC,LAC,95,97,0
835,0021700245,2017,11,20,NYK,LAC,107,85,0
836,0021700200,2017,11,13,LAC,PHI,105,109,0
837,0021700178,2017,11,11,NOP,LAC,111,103,0
838,0021700172,2017,11,10,OKC,LAC,120,111,0
839,0021700154,2017,11,7,SAS,LAC,120,107,0
840,0021700137,2017,11,5,LAC,MIA,101,104,0
841,0021700131,2017,11,4,LAC,MEM,104,113,0
842,0021700068,2017,10,26,POR,LAC,103,104,0
843,0021700054,2017,10,24,LAC,UTA,102,84,0
844,0021700037,2017,10,21,LAC,PHX,130,88,0
845,0021700016,2017,10,19,LAL,LAC,92,108,0
846,0021701201,2018,4,8,LAL,UTA,97,112,0
847,0021701190,2018,4,6,LAL,MIN,96,113,0
848,0021701174,2018,4,4,LAL,SAS,122,112,0
849,0021701166,2018,4,3,UTA,LAL,117,110,0
850,0021701155,2018,4,1,LAL,SAC,83,84,0
851,0021701136,2018,3,30,LAL,MIL,122,124,0
852,0021701092,2018,3,24,MEM,LAL,93,100,0
853,0021701075,2018,3,22,NOP,LAL,128,125,0
854,0021701034,2018,3,16,LAL,MIA,91,92,0
855,0021700971,2018,3,7,LAL,ORL,108,107,0
856,0021700956,2018,3,5,LAL,POR,103,108,0
857,0021700940,2018,3,3,SAS,LAL,112,116,0
858,0021700922,2018,3,1,MIA,LAL,113,131,0
859,0021700891,2018,2,24,SAC,LAL,108,113,0
860,0021700866,2018,2,15,MIN,LAL,119,111,0
861,0021700862,2018,2,14,NOP,LAL,139,117,0
862,0021700816,2018,2,8,LAL,OKC,106,81,0
863,0021700804,2018,2,6,LAL,PHX,112,93,0
864,0021700788,2018,2,4,OKC,LAL,104,108,0
865,0021700754,2018,1,31,ORL,LAL,127,105,0
866,0021700735,2018,1,28,TOR,LAL,123,111,0
867,0021700684,2018,1,21,LAL,NYK,127,107,0
868,0021700660,2018,1,17,OKC,LAL,114,90,0
869,0021700645,2018,1,15,MEM,LAL,123,114,0
870,0021700617,2018,1,11,LAL,SAS,93,81,0
871,0021700602,2018,1,9,LAL,SAC,99,86,0
872,0021700565,2018,1,3,LAL,OKC,96,133,0
873,0021700548,2018,1,1,MIN,LAL,114,96,0
874,0021700515,2017,12,27,LAL,MEM,99,109,0
875,0021700497,2017,12,25,LAL,MIN,104,121,0
876,0021700491,2017,12,23,LAL,POR,92,95,0
877,0021700399,2017,12,12,NYK,LAL,113,109,0
878,0021700363,2017,12,7,PHI,LAL,104,107,0
879,0021700266,2017,11,22,SAC,LAL,113,102,0
880,0021700227,2017,11,17,LAL,PHX,113,122,0
881,0021700214,2017,11,15,LAL,PHI,109,115,0
882,0021700196,2017,11,13,PHX,LAL,93,100,0
883,0021700182,2017,11,11,MIL,LAL,98,90,0
884,0021700164,2017,11,9,WAS,LAL,111,95,0
885,0021700145,2017,11,5,LAL,MEM,107,102,0
886,0021700118,2017,11,2,POR,LAL,113,110,0
887,0021700082,2017,10,28,UTA,LAL,96,81,0
888,0021700076,2017,10,27,LAL,TOR,92,101,0
889,0021700064,2017,10,25,LAL,WAS,102,99,0
890,0021700040,2017,10,22,LAL,NOP,112,119,0
891,0021700026,2017,10,20,PHX,LAL,130,132,0
892,0021701227,2018,4,11,OKC,MEM,137,123,0
893,0021701209,2018,4,9,MIN,MEM,113,94,0
894,0021701188,2018,4,6,MEM,SAC,93,94,0
895,0021701173,2018,4,4,NOP,MEM,123,95,0
896,0021701154,2018,4,1,POR,MEM,113,98,0
897,0021701135,2018,3,30,UTA,MEM,107,97,0
898,0021701119,2018,3,28,MEM,POR,108,103,0
899,0021701106,2018,3,26,MIN,MEM,93,101,0
900,0021701066,2018,3,21,PHI,MEM,119,105,0
901,0021701002,2018,3,12,MEM,MIL,103,121,0
902,0021700980,2018,3,9,MEM,UTA,78,95,0
903,0021700954,2018,3,5,SAS,MEM,100,98,0
904,0021700936,2018,3,3,ORL,MEM,107,100,0
905,0021700918,2018,2,28,MEM,PHX,102,110,0
906,0021700885,2018,2,24,MIA,MEM,115,89,0
907,0021700861,2018,2,14,MEM,OKC,114,121,0
908,0021700839,2018,2,11,OKC,MEM,110,92,0
909,0021700808,2018,2,7,MEM,UTA,88,92,0
910,0021700787,2018,2,4,TOR,MEM,101,86,0
911,0021700740,2018,1,29,MEM,PHX,120,109,0
912,0021700707,2018,1,24,MEM,SAS,85,108,0
913,0021700690,2018,1,22,MEM,PHI,105,101,0
914,0021700677,2018,1,20,NOP,MEM,111,104,0
915,0021700670,2018,1,19,MEM,SAC,106,88,0
916,0021700658,2018,1,17,MEM,NYK,105,99,0
917,0021700609,2018,1,10,MEM,NOP,105,102,0
918,0021700575,2018,1,5,MEM,WAS,100,102,0
919,0021700543,2017,12,31,SAC,MEM,96,114,0
920,0021700504,2017,12,26,PHX,MEM,99,97,0
921,0021700469,2017,12,21,PHX,MEM,97,95,0
922,0021700406,2017,12,13,WAS,MEM,93,87,0
923,0021700393,2017,12,11,MEM,MIA,82,107,0
924,0021700382,2017,12,9,MEM,OKC,101,102,0
925,0021700371,2017,12,8,MEM,TOR,107,116,0
926,0021700357,2017,12,6,NYK,MEM,99,88,0
927,0021700345,2017,12,4,MEM,MIN,95,92,0
928,0021700323,2017,12,1,MEM,SAS,79,95,0
929,0021700311,2017,11,29,SAS,MEM,104,95,0
930,0021700246,2017,11,20,MEM,POR,92,100,0
931,0021700194,2017,11,13,MIL,MEM,110,103,0
932,0021700157,2017,11,7,POR,MEM,97,98,0
933,0021700112,2017,11,1,MEM,ORL,99,101,0
934,0021700008,2017,10,18,MEM,NOP,103,91,0
935,0021701221,2018,4,11,MIA,TOR,116,109,0
936,0021701206,2018,4,9,MIA,OKC,93,115,0
937,0021701186,2018,4,6,NYK,MIA,122,98,0
938,0021701084,2018,3,23,OKC,MIA,105,99,0
939,0021701068,2018,3,21,MIA,NYK,119,98,0
940,0021701018,2018,3,14,SAC,MIA,123,119,0
941,0021701004,2018,3,12,POR,MIA,115,99,0
942,0021700988,2018,3,10,MIA,WAS,129,102,0
943,0021700973,2018,3,8,MIA,PHI,108,99,0
944,0021700959,2018,3,6,WAS,MIA,117,113,0
945,0021700952,2018,3,5,MIA,PHX,125,103,0
946,0021700909,2018,2,27,MIA,PHI,102,101,0
947,0021700879,2018,2,23,NOP,MIA,124,123,0
948,0021700855,2018,2,14,PHI,MIA,104,102,0
949,0021700847,2018,2,13,TOR,MIA,115,112,0
950,0021700821,2018,2,9,MIA,MIL,91,85,0
951,0021700792,2018,2,5,MIA,ORL,109,111,0
952,0021700770,2018,2,2,PHI,MIA,103,97,0
953,0021700710,2018,1,25,MIA,SAC,88,89,0
954,0021700659,2018,1,17,MIL,MIA,101,106,0
955,0021700634,2018,1,14,MIA,MIL,97,79,0
956,0021700599,2018,1,9,TOR,MIA,89,90,0
957,0021700586,2018,1,7,MIA,UTA,103,102,0
958,0021700568,2018,1,5,MIA,NYK,107,103,0
959,0021700531,2017,12,30,ORL,MIA,111,117,0
960,0021700500,2017,12,26,MIA,ORL,107,89,0
961,0021700486,2017,12,23,MIA,NOP,94,109,0
962,0021700408,2017,12,13,MIA,POR,95,102,0
963,0021700361,2017,12,6,SAS,MIA,117,105,0
964,0021700306,2017,11,29,NYK,MIA,115,86,0
965,0021700272,2017,11,24,MIN,MIA,97,109,0
966,0021700218,2017,11,17,WAS,MIA,88,91,0
967,0021700205,2017,11,15,MIA,WAS,93,102,0
968,0021700175,2017,11,10,UTA,MIA,74,84,0
969,0021700162,2017,11,8,PHX,MIA,115,126,0
970,0021700093,2017,10,30,MIA,MIN,122,125,0
971,0021700059,2017,10,25,MIA,SAS,100,117,0
972,0021700005,2017,10,18,ORL,MIA,116,109,0
973,0021701223,2018,4,11,PHI,MIL,130,95,0
974,0021701208,2018,4,9,MIL,ORL,102,86,0
975,0021701192,2018,4,7,NYK,MIL,102,115,0
976,0021701095,2018,3,25,MIL,SAS,106,103,0
977,0021701016,2018,3,14,ORL,MIL,126,117,0
978,0021700981,2018,3,9,MIL,NYK,120,112,0
979,0021700947,2018,3,4,MIL,PHI,118,110,0
980,0021700910,2018,2,27,MIL,WAS,104,107,0
981,0021700893,2018,2,25,MIL,NOP,121,123,0
982,0021700876,2018,2,23,TOR,MIL,119,122,0
983,0021700827,2018,2,10,ORL,MIL,104,111,0
984,0021700801,2018,2,6,NYK,MIL,89,103,0
985,0021700771,2018,2,2,MIL,NYK,92,90,0
986,0021700763,2018,2,1,MIN,MIL,108,89,0
987,0021700741,2018,1,29,MIL,PHI,107,95,0
988,0021700691,2018,1,22,MIL,PHX,109,105,0
989,0021700678,2018,1,20,PHI,MIL,116,94,0
990,0021700640,2018,1,15,WAS,MIL,95,104,0
991,0021700610,2018,1,10,MIL,ORL,110,103,0
992,0021700583,2018,1,6,WAS,MIL,103,110,0
993,0021700571,2018,1,5,MIL,TOR,110,129,0
994,0021700546,2018,1,1,TOR,MIL,131,127,0
995,0021700526,2017,12,29,OKC,MIL,95,97,0
996,0021700518,2017,12,28,MIL,MIN,102,96,0
997,0021700410,2017,12,13,NOP,MIL,115,108,0
998,0021700381,2017,12,9,MIL,UTA,117,100,0
999,0021700331,2017,12,2,MIL,SAC,109,104,0
1000,0021700316,2017,11,30,POR,MIL,91,103,0
1001,0021700302,2017,11,28,SAC,MIL,87,112,0
1002,0021700285,2017,11,25,UTA,MIL,121,108,0
1003,0021700264,2017,11,22,PHX,MIL,107,113,0
1004,0021700247,2017,11,20,MIL,WAS,88,99,0
1005,0021700173,2017,11,10,SAS,MIL,87,94,0
1006,0021700103,2017,10,31,MIL,OKC,91,110,0
1007,0021700034,2017,10,21,MIL,POR,113,110,0
1008,0021701151,2018,4,1,MIN,UTA,97,121,0
1009,0021701088,2018,3,24,PHI,MIN,120,108,0
1010,0021701081,2018,3,23,NYK,MIN,104,108,0
1011,0021701042,2018,3,17,SAS,MIN,117,101,0
1012,0021701006,2018,3,13,WAS,MIN,111,116,0
1013,0021700934,2018,3,2,UTA,MIN,116,108,0
1014,0021700925,2018,3,1,POR,MIN,108,99,0
1015,0021700906,2018,2,26,SAC,MIN,100,118,0
1016,0021700838,2018,2,11,MIN,SAC,111,106,0
1017,0021700780,2018,2,3,MIN,NOP,118,107,0
1018,0021700746,2018,1,30,TOR,MIN,109,104,0
1019,0021700708,2018,1,24,POR,MIN,123,114,0
1020,0021700680,2018,1,20,MIN,TOR,115,109,0
1021,0021700649,2018,1,16,ORL,MIN,108,102,0
1022,0021700637,2018,1,14,MIN,POR,120,103,0
1023,0021700623,2018,1,12,MIN,NYK,118,108,0
1024,0021700611,2018,1,10,MIN,OKC,104,88,0
1025,0021700584,2018,1,6,MIN,NOP,116,98,0
1026,0021700490,2017,12,23,PHX,MIN,106,115,0
1027,0021700446,2017,12,18,MIN,POR,108,107,0
1028,0021700434,2017,12,16,MIN,PHX,106,108,0
1029,0021700416,2017,12,14,MIN,SAC,119,96,0
1030,0021700401,2017,12,12,MIN,PHI,112,118,0
1031,0021700324,2017,12,1,OKC,MIN,111,107,0
1032,0021700309,2017,11,29,NOP,MIN,102,120,0
1033,0021700300,2017,11,28,MIN,WAS,89,92,0
1034,0021700288,2017,11,26,MIN,PHX,119,108,0
1035,0021700261,2017,11,22,MIN,ORL,124,118,0
1036,0021700210,2017,11,15,MIN,SAS,98,86,0
1037,0021700197,2017,11,13,UTA,MIN,98,109,0
1038,0021700186,2017,11,11,PHX,MIN,118,110,0
1039,0021700113,2017,11,1,NOP,MIN,98,104,0
1040,0021700074,2017,10,27,MIN,OKC,119,116,0
1041,0021700039,2017,10,22,OKC,MIN,113,115,0
1042,0021700023,2017,10,20,MIN,UTA,100,97,0
1043,0021700011,2017,10,18,SAS,MIN,107,99,0
1044,0021701226,2018,4,11,NOP,SAS,122,98,0
1045,0021701189,2018,4,6,PHX,NOP,103,122,0
1046,0021701150,2018,4,1,NOP,OKC,104,109,0
1047,0021701112,2018,3,27,NOP,POR,103,107,0
1048,0021701025,2018,3,15,SAS,NOP,98,93,0
1049,0021700995,2018,3,11,NOP,UTA,99,116,0
1050,0021700982,2018,3,9,NOP,WAS,97,116,0
1051,0021700969,2018,3,7,SAC,NOP,101,114,0
1052,0021700920,2018,2,28,SAS,NOP,116,121,0
1053,0021700902,2018,2,26,NOP,PHX,125,116,0
1054,0021700818,2018,2,9,PHI,NOP,100,82,0
1055,0021700793,2018,2,5,NOP,UTA,109,133,0
1056,0021700772,2018,2,2,OKC,NOP,100,114,0
1057,0021700749,2018,1,30,NOP,SAC,103,114,0
1058,0021700635,2018,1,14,NYK,NOP,118,123,0
1059,0021700624,2018,1,12,NOP,POR,119,113,0
1060,0021700564,2018,1,3,UTA,NOP,98,108,0
1061,0021700532,2017,12,30,NOP,NYK,103,105,0
1062,0021700472,2017,12,22,ORL,NOP,97,111,0
1063,0021700452,2017,12,19,WAS,NOP,116,106,0
1064,0021700389,2017,12,10,NOP,PHI,131,124,0
1065,0021700373,2017,12,8,NOP,SAC,109,116,0
1066,0021700333,2017,12,2,POR,NOP,116,123,0
1067,0021700325,2017,12,1,UTA,NOP,114,108,0
1068,0021700275,2017,11,24,PHX,NOP,91,115,0
1069,0021700262,2017,11,22,NOP,SAS,107,90,0
1070,0021700248,2017,11,20,NOP,OKC,114,107,0
1071,0021700211,2017,11,15,NOP,TOR,116,125,0
1072,0021700165,2017,11,9,TOR,NOP,122,118,0
1073,0021700097,2017,10,30,NOP,ORL,99,115,0
1074,0021700069,2017,10,26,SAC,NOP,106,114,0
1075,0021700053,2017,10,24,POR,NOP,103,93,0
1076,0021701159,2018,4,3,NYK,ORL,73,97,0
1077,0021701118,2018,3,28,PHI,NYK,118,101,0
1078,0021701098,2018,3,25,WAS,NYK,97,101,0
1079,0021701022,2018,3,15,NYK,PHI,110,118,0
1080,0021700992,2018,3,11,NYK,TOR,106,132,0
1081,0021700962,2018,3,6,POR,NYK,111,87,0
1082,0021700949,2018,3,4,SAC,NYK,102,99,0
1083,0021700868,2018,2,22,ORL,NYK,113,120,0
1084,0021700857,2018,2,14,NYK,WAS,113,118,0
1085,0021700842,2018,2,12,PHI,NYK,108,92,0
1086,0021700812,2018,2,8,TOR,NYK,113,88,0
1087,0021700723,2018,1,26,PHX,NYK,85,107,0
1088,0021700672,2018,1,19,UTA,NYK,115,117,0
1089,0021700556,2018,1,3,WAS,NYK,121,103,0
1090,0021700550,2018,1,2,NYK,SAS,91,100,0
1091,0021700519,2017,12,28,SAS,NYK,119,107,0
1092,0021700493,2017,12,25,NYK,PHI,98,105,0
1093,0021700431,2017,12,16,NYK,OKC,111,96,0
1094,0021700334,2017,12,3,NYK,ORL,100,105,0
1095,0021700293,2017,11,27,NYK,POR,91,103,0
1096,0021700258,2017,11,22,NYK,TOR,108,100,0
1097,0021700221,2017,11,17,TOR,NYK,107,84,0
1098,0021700206,2017,11,15,NYK,UTA,106,101,0
1099,0021700179,2017,11,11,NYK,SAC,118,91,0
1100,0021700160,2017,11,8,ORL,NYK,112,99,0
1101,0021700124,2017,11,3,NYK,PHX,120,107,0
1102,0021700015,2017,10,19,OKC,NYK,105,84,0
1103,0021701126,2018,3,29,SAS,OKC,103,99,0
1104,0021701100,2018,3,25,OKC,POR,105,108,0
1105,0021701046,2018,3,18,TOR,OKC,125,132,0
1106,0021701003,2018,3,12,OKC,SAC,106,101,0
1107,0021700990,2018,3,10,OKC,SAS,104,94,0
1108,0021700975,2018,3,8,OKC,PHX,115,87,0
1109,0021700941,2018,3,3,POR,OKC,108,100,0
1110,0021700933,2018,3,2,PHX,OKC,116,124,0
1111,0021700903,2018,2,26,OKC,ORL,112,105,0
1112,0021700871,2018,2,22,SAC,OKC,107,110,0
1113,0021700744,2018,1,30,WAS,OKC,102,96,0
1114,0021700736,2018,1,28,OKC,PHI,122,112,0
1115,0021700711,2018,1,25,OKC,WAS,121,112,0
1116,0021700643,2018,1,15,OKC,SAC,95,88,0
1117,0021700600,2018,1,9,OKC,POR,106,117,0
1118,0021700588,2018,1,7,PHX,OKC,114,100,0
1119,0021700512,2017,12,27,OKC,TOR,124,107,0
1120,0021700488,2017,12,23,UTA,OKC,89,103,0
1121,0021700460,2017,12,20,OKC,UTA,107,79,0
1122,0021700421,2017,12,15,PHI,OKC,117,119,0
1123,0021700351,2017,12,5,OKC,UTA,100,94,0
1124,0021700337,2017,12,3,OKC,SAS,90,87,0
1125,0021700304,2017,11,29,ORL,OKC,121,108,0
1126,0021700223,2017,11,17,SAS,OKC,104,101,0
1127,0021700158,2017,11,7,SAC,OKC,94,86,0
1128,0021700144,2017,11,5,POR,OKC,103,99,0
1129,0021700036,2017,10,21,UTA,OKC,96,87,0
1130,0021701222,2018,4,11,ORL,WAS,101,92,0
1131,0021701200,2018,4,8,TOR,ORL,112,101,0
1132,0021701090,2018,3,24,ORL,PHX,105,99,0
1133,0021701073,2018,3,22,ORL,PHI,98,118,0
1134,0021701058,2018,3,20,ORL,TOR,86,93,0
1135,0021701012,2018,3,13,SAS,ORL,108,72,0
1136,0021700985,2018,3,9,SAC,ORL,94,88,0
1137,0021700955,2018,3,5,UTA,ORL,94,80,0
1138,0021700914,2018,2,28,ORL,TOR,104,117,0
1139,0021700884,2018,2,24,PHI,ORL,116,105,0
1140,0021700778,2018,2,3,ORL,WAS,98,115,0
1141,0021700696,2018,1,23,ORL,SAC,99,105,0
1142,0021700620,2018,1,12,WAS,ORL,125,119,0
1143,0021700483,2017,12,23,WAS,ORL,130,103,0
1144,0021700420,2017,12,15,ORL,POR,88,95,0
1145,0021700278,2017,11,25,PHI,ORL,130,111,0
1146,0021700229,2017,11,18,ORL,UTA,85,125,0
1147,0021700213,2017,11,15,POR,ORL,99,94,0
1148,0021700174,2017,11,10,PHX,ORL,112,128,0
1149,0021700071,2017,10,27,ORL,SAS,114,87,0
1150,0021700895,2018,2,25,WAS,PHI,109,94,0
1151,0021700802,2018,2,6,PHI,WAS,115,102,0
1152,0021700722,2018,1,26,SAS,PHI,78,97,0
1153,0021700639,2018,1,15,PHI,TOR,117,111,0
1154,0021700555,2018,1,3,PHI,SAS,112,106,0
1155,0021700544,2017,12,31,PHX,PHI,110,123,0
1156,0021700520,2017,12,28,POR,PHI,114,110,0
1157,0021700480,2017,12,23,TOR,PHI,102,86,0
1158,0021700467,2017,12,21,PHI,TOR,109,114,0
1159,0021700451,2017,12,19,PHI,SAC,95,101,0
1160,0021700341,2017,12,4,PHI,PHX,101,115,0
1161,0021700305,2017,11,29,PHI,WAS,118,113,0
1162,0021700255,2017,11,22,PHI,POR,101,81,0
1163,0021700244,2017,11,20,PHI,UTA,107,86,0
1164,0021700167,2017,11,9,SAC,PHI,109,108,0
1165,0021700156,2017,11,7,UTA,PHI,97,104,0
1166,0021700027,2017,10,21,TOR,PHI,128,94,0
1167,0021700006,2017,10,18,WAS,PHI,120,115,0
1168,0021701167,2018,4,3,PHX,SAC,97,94,0
1169,0021701027,2018,3,15,UTA,PHX,116,88,0
1170,0021700889,2018,2,24,PHX,POR,104,106,0
1171,0021700863,2018,2,14,UTA,PHX,107,97,0
1172,0021700810,2018,2,7,PHX,SAS,81,129,0
1173,0021700773,2018,2,2,PHX,UTA,97,129,0
1174,0021700652,2018,1,16,POR,PHX,118,111,0
1175,0021700573,2018,1,5,SAS,PHX,103,89,0
1176,0021700527,2017,12,29,SAC,PHX,101,111,0
1177,0021700411,2017,12,13,PHX,TOR,109,115,0
1178,0021700403,2017,12,12,SAC,PHX,99,92,0
1179,0021700383,2017,12,9,PHX,SAS,101,104,0
1180,0021700364,2017,12,7,PHX,WAS,99,109,0
1181,0021700350,2017,12,5,TOR,PHX,126,113,0
1182,0021700141,2017,11,5,SAS,PHX,112,95,0
1183,0021700108,2017,11,1,WAS,PHX,116,122,0
1184,0021700083,2017,10,28,POR,PHX,114,107,0
1185,0021700062,2017,10,25,PHX,UTA,97,88,0
1186,0021700048,2017,10,23,PHX,SAC,117,115,0
1187,0021700012,2017,10,18,PHX,POR,76,124,0
1188,0021701229,2018,4,11,POR,UTA,102,93,0
1189,0021701196,2018,4,7,SAS,POR,116,105,0
1190,0021700911,2018,2,27,POR,SAC,116,99,0
1191,0021700882,2018,2,23,UTA,POR,81,100,0
1192,0021700840,2018,2,11,POR,UTA,96,115,0
1193,0021700825,2018,2,9,SAC,POR,100,118,0
1194,0021700769,2018,2,2,TOR,POR,130,105,0
1195,0021700589,2018,1,7,POR,SAS,111,110,0
1196,0021700463,2017,12,20,POR,SAS,91,93,0
1197,0021700352,2017,12,5,POR,WAS,92,106,0
1198,0021700279,2017,11,25,WAS,POR,105,108,0
1199,0021700234,2017,11,18,POR,SAC,102,90,0
1200,0021700225,2017,11,17,SAC,POR,86,82,0
1201,0021700115,2017,11,1,UTA,POR,112,103,0
1202,0021700099,2017,10,30,POR,TOR,85,99,0
1203,0021701210,2018,4,9,SAS,SAC,98,85,0
1204,0021701043,2018,3,17,UTA,SAC,103,97,0
1205,0021700942,2018,3,3,SAC,UTA,91,98,0
1206,0021700737,2018,1,28,SAS,SAC,113,98,0
1207,0021700661,2018,1,17,SAC,UTA,105,120,0
1208,0021700596,2018,1,8,SAC,SAS,100,107,0
1209,0021700492,2017,12,23,SAC,SAS,99,108,0
1210,0021700437,2017,12,17,TOR,SAC,108,93,0
1211,0021700385,2017,12,10,SAC,TOR,87,102,0
1212,0021700192,2017,11,13,WAS,SAC,110,92,0
1213,0021700089,2017,10,29,SAC,WAS,83,110,0
1214,0021701108,2018,3,27,WAS,SAS,116,106,0
1215,0021701085,2018,3,23,SAS,UTA,124,120,0
1216,0021701071,2018,3,21,SAS,WAS,98,90,0
1217,0021700845,2018,2,12,UTA,SAS,101,99,0
1218,0021700781,2018,2,3,SAS,UTA,111,120,0
1219,0021700667,2018,1,19,TOR,SAS,86,83,0
1220,0021700470,2017,12,21,UTA,SAS,100,89,0
1221,0021700046,2017,10,23,SAS,TOR,101,97,0
1222,0021700929,2018,3,2,WAS,TOR,95,102,0
1223,0021700762,2018,2,1,WAS,TOR,122,119,0
1224,0021700716,2018,1,26,TOR,UTA,93,97,0
1225,0021700237,2017,11,19,TOR,WAS,100,91,0
1226,0021700139,2017,11,5,TOR,WAS,96,107,0
1227,0021700128,2017,11,3,UTA,TOR,100,109,0
1228,0021700605,2018,1,10,WAS,UTA,104,107,0
1229,0021700349,2017,12,4,UTA,WAS,116,69,0
